Sektör/İktisadi Birim,İlişki,2009,2010,2011,2012,2013,2014,2015,2016,2017,2018,2019,2020
Çıktı,1 = (6+11+16)= (2+3+4+5),"1,806.25995","2,087.67522","2,585.84030","2,956.75780","3,386.89828","3,873.98964","4,330.66683","4,801.40524","5,979.87256","7,425.33303","8,405.23651","9,571.76671"
MOŞ Çıktı,2 = (7+12+17),"1,227.77202","1,420.63474","1,810.73776","2,069.48032","2,405.77685","2,778.51648","3,106.90310","3,433.81890","4,348.56177","5,446.12141","6,150.99393","6,979.05536"
MŞ Çıktı,3 = (8+13+18),56.18714,56.84974,63.02352,73.93505,88.85569,95.88343,111.94496,137.08407,158.30658,187.36281,219.09586,284.43816
Devlet Çıktı,4 = (9+14+19),153.26672,177.35885,201.36958,236.65586,268.57408,303.57144,341.83140,404.82335,467.76748,574.25076,688.44231,786.86195
HH Çıktı,5 = (10+15+20),369.03407,432.83189,510.70945,576.68656,623.69167,696.01829,769.98737,825.67893,"1,005.23673","1,217.59805","1,346.70441","1,521.41124"
Piyasa Çıktısı,6 = (7+8+9+10),"1,575.00158","1,827.74071","2,292.03400","2,619.23407","3,007.80292","3,446.48725","3,849.84988","4,240.82048","5,342.62526","6,659.93896","7,499.47857","8,536.92702"
MOŞ Piyasa Çıktısı,7,"1,220.35593","1,412.03464","1,800.04354","2,056.61506","2,390.25839","2,759.71027","3,084.90907","3,407.24318","4,324.77542","5,412.71053","6,108.20325","6,922.76951"
MŞ Piyasa Çıktısı,8,55.94219,56.56081,62.67580,73.50135,88.29642,95.22029,111.17506,136.15300,157.26080,185.94768,217.34462,282.18616
Devlet Piyasa Çıktısı,9,5.87332,10.19031,10.47710,11.99758,14.08757,15.32399,18.65522,22.22836,21.68010,31.86108,41.22177,53.36799
HH Piyasa Çıktısı,10,292.83014,348.95494,418.83756,477.12009,515.16053,576.23270,635.11054,675.19595,838.90894,"1,029.41968","1,132.70893","1,278.60336"
Kendi Nihai Tüketimi için Çıktı,11 = (12+13+14+15),84.49381,93.96215,104.05961,114.91626,127.31591,141.80548,159.45827,180.09170,193.05863,224.06231,260.08387,299.91419
MOŞ Kendi Nihai Tüketimi için Çıktı,12,7.41609,8.60010,10.69421,12.86526,15.51846,18.80621,21.99403,26.57572,23.78635,33.41088,42.79068,56.28585
MŞ Kendi Nihai Tüketimi için Çıktı,13,0.24495,0.28893,0.34772,0.43371,0.55926,0.66314,0.76990,0.93107,1.04578,1.41513,1.75124,2.25201
Devlet Kendi Nihai Tüketimi için Çıktı,14,4.00876,4.53561,5.32755,6.18233,6.81646,7.78890,8.92531,10.64376,11.37143,13.96195,16.38410,17.75661
HH Kendi Nihai Tüketimi için Çıktı,15,72.82402,80.53751,87.69013,95.43496,104.42173,114.54722,127.76903,141.94115,156.85507,175.27435,199.15786,223.61972
Piyasa Dışı Çıktı,16 = (17+18+19+20),146.76455,165.97237,189.74670,222.60747,251.77945,285.69691,321.35868,380.49306,444.18867,541.33177,645.67407,734.92551
MOŞ Piyasa Dışı Çıktı,17,0.00000,0.00000,0.00000,0.00000,0.00000,0.00000,0.00000,0.00000,0.00000,0.00000,0.00000,0.00000
MŞ Piyasa Dışı Çıktı,18,0.00000,0.00000,0.00000,0.00000,0.00000,0.00000,0.00000,0.00000,0.00000,0.00000,0.00000,0.00000
Devlet Piyasa Dışı Çıktı,19,143.38464,162.63293,185.56493,218.47596,247.67004,280.45855,314.25087,371.95123,434.71594,528.42774,630.83644,715.73735
HH Piyasa Dışı Çıktı,20,3.37991,3.33943,4.18177,4.13151,4.10941,5.23836,7.10781,8.54183,9.47272,12.90403,14.83762,19.18816
Ara Tüketim,21 = (22+23+24+25),907.99688,"1,060.11417","1,348.69399","1,559.53790","1,787.85897","2,055.36773","2,257.64619","2,484.47482","3,200.06320","4,055.73401","4,517.31247","5,085.11110"
MOŞ Ara Tüketim,22,759.58406,882.09778,"1,139.32114","1,316.25296","1,511.71278","1,750.84981","1,915.89222","2,094.46171","2,730.12376","3,487.03506","3,890.22786","4,383.34665"
MŞ Ara Tüketim,23,18.71549,22.71619,25.24507,27.80545,33.11200,37.04954,41.92149,49.99711,58.24689,75.19799,84.70550,97.07835
Devlet Ara Tüketim,24,45.07864,55.16939,61.69572,77.19451,91.62384,100.77311,118.20810,139.34618,170.34263,190.55582,211.11509,230.48231
HH Ara Tüketim,25,84.61869,100.13080,122.43206,138.28497,151.41035,166.69526,181.62438,200.66981,241.34991,302.94515,331.26403,374.20379
GS Katma Değer,26 = (27+28+29+30 = (1-21),898.26306,"1,027.56105","1,237.14631","1,397.21990","1,599.03931","1,818.62191","2,073.02064","2,316.93042","2,779.80936","3,369.59902","3,887.92404","4,486.65561"
MOŞ GS Katma Değer,27 = (2-22),468.18796,538.53696,671.41662,753.22736,894.06407,"1,027.66667","1,191.01087","1,339.35718","1,618.43801","1,959.08635","2,260.76607","2,595.70871"
MŞ GS Katma Değer,28 = (3-23),37.47165,34.13355,37.77845,46.12960,55.74369,58.83389,70.02347,87.08695,100.05969,112.16482,134.39036,187.35982
Devlet GS Katma Değer,29 = (4-24),108.18807,122.18946,139.67386,159.46135,176.95024,202.79833,223.62330,265.47717,297.42485,383.69495,477.32723,556.37964
HH GS Katma Değer,30 = (5-25),284.41538,332.70109,388.27739,438.40159,472.28132,529.32302,588.36300,625.00912,763.88682,914.65291,"1,015.44037","1,147.20745"
Ürün Üzerindeki Net Vergi,31 = (32-33),108.10942,140.10343,167.78130,184.25935,224.38800,236.27592,277.92070,309.62929,353.89491,389.17471,429.86287,560.22769
Ürün Üzerindeki Vergi,32,112.93984,144.97084,173.90096,190.27625,230.61441,242.28847,284.48019,316.57627,363.19547,397.52428,439.63218,573.75253
Ürün Üzerindeki Sübvansiyon,33,4.83042,4.86741,6.11966,6.01690,6.22641,6.01255,6.55949,6.94699,9.30057,8.34957,9.76931,13.52483
Üretim Üzerindeki Net Vergi,34 = (35-36),1.01449,3.87013,3.99076,4.88666,5.20838,-2.87467,-4.98959,-15.88977,-25.55935,-33.80662,-37.46634,-70.56538
Üretim Üzerideki Vergi,35,5.99467,8.28534,9.18357,10.56512,12.30147,14.15577,15.87503,16.92586,20.36452,22.68930,26.71659,30.69092
Üretim Üzerindeki Sübvansiyon,36,4.98018,4.41521,5.19281,5.67846,7.09308,17.03044,20.86462,32.81564,45.92387,56.49591,64.18293,101.25630
GSYİH,37 = (26 + 31+34),"1,006.37248","1,167.66448","1,404.92761","1,581.47925","1,823.42732","2,054.89783","2,350.94134","2,626.55971","3,133.70427","3,758.77373","4,317.78691","5,046.88331"
Sabit Sermaye Oluşumu (Yatırım),38 = (39+40+41+42=(43+48+53),229.61741,312.37960,435.57435,443.96645,540.08934,595.25178,662.94670,735.95162,961.86602,"1,104.21681","1,081.57097","1,609.26096"
MOŞ Sabit Sermaye Oluşumu (Yatırım),39,127.83704,190.50479,269.31035,259.71986,310.12712,341.62789,375.92439,417.32003,546.81969,604.82819,621.29809,"1,034.84062"
MŞ Sabit Sermaye Oluşumu (Yatırım),40,4.25815,4.76002,5.20260,6.68014,5.85490,5.63563,4.59449,4.70047,4.83760,8.85187,8.99683,9.74146
Devlet Sabit Sermaye Oluşumu (Yatırım),41,37.99662,40.81581,45.00924,53.83598,63.74896,64.93589,78.90883,94.79520,127.54065,171.13282,144.02411,188.71799
HH Sabit Sermaye Oluşumu (Yatırım),42,59.52560,76.29899,116.05217,123.73048,160.35835,183.05236,203.51900,219.13592,282.66808,319.40393,307.25193,375.96089
Gayrisafi Sabit Sermaye Oluşumu,43 = (44+45+46+47),219.95355,283.57319,384.52951,421.93810,510.53854,584.75605,689.26559,759.05920,929.25239,"1,106.94597","1,104.96269","1,336.94812"
MOŞ Gayrisafi Sabit Sermaye Oluşumu,44,121.06146,167.02328,225.97322,250.77964,286.66329,336.92759,408.47643,448.01468,523.37220,619.47564,661.01107,818.75299
MŞ Gayrisafi Sabit Sermaye Oluşumu,45,4.25815,4.76002,5.20260,6.68014,5.85490,5.63563,4.59449,4.70047,4.83760,8.85187,8.99683,9.74146
Devlet Gayrisafi Sabit Sermaye Oluşumu,46,38.46253,40.40058,43.47400,48.67214,64.60407,65.25258,78.24288,93.45179,126.46333,169.20585,141.38712,181.14550
HH Gayrisafi Sabit Sermaye Oluşumu,47,56.17141,71.38931,109.87970,115.80618,153.41627,176.94026,197.95178,212.89226,274.57925,309.41261,293.56767,327.30816
Envanterdeki Değişimler,48 = (49+50+41+52),5.90680,24.72010,45.79057,16.04324,23.21184,4.55636,-31.86382,-28.59351,26.23140,-10.73519,-35.88376,227.17461
MOŞ Envanterdeki Değişimler,49,6.77559,23.48151,43.33713,8.94021,23.46383,4.70030,-32.55204,-30.69464,23.44749,-14.64744,-39.71298,216.08763
MŞ Envanterdeki Değişimler,50,0.00000,0.00000,0.00000,0.00000,0.00000,0.00000,0.00000,0.00000,0.00000,0.00000,0.00000,0.00000
Devlet Envanterdeki Değişimler,51,-0.47051,0.40922,1.52507,5.15969,-0.85465,-0.31667,0.66641,1.33856,1.08128,1.93109,2.68643,7.57391
HH Envanterdeki Değişimler,52,-0.39828,0.82937,0.92837,1.94334,0.60266,0.17272,0.02181,0.76258,1.70263,1.98117,1.14279,3.51307
Değerliler Edinim-Elden Çıkarım,53 = (54+55+56+57),3.75706,4.08632,5.25427,5.98510,6.33896,5.93937,5.54493,5.48593,6.38224,8.00603,12.49204,45.13823
MOŞ Değerliler Edinim-Elden Çıkarım,54,0.00000,0.00000,0.00000,0.00000,0.00000,0.00000,0.00000,0.00000,0.00000,0.00000,0.00000,0.00000
MŞ Değerliler Edinim-Elden Çıkarım,55,0.00000,0.00000,0.00000,0.00000,0.00000,0.00000,0.00000,0.00000,0.00000,0.00000,0.00000,0.00000
Devlet Değerliler Edinim-Elden Çıkarım,56,0.00459,0.00601,0.01017,0.00414,-0.00046,-0.00002,-0.00047,0.00485,-0.00396,-0.00412,-0.04944,-0.00142
HH Değerliler Edinim-Elden Çıkarım,57,3.75246,4.08031,5.24410,5.98096,6.33942,5.93939,5.54540,5.48108,6.38620,8.01015,12.54147,45.13965
Sabit Sermaye Tüketimi (Amostisman),58,162.14661,173.96132,200.05069,227.65676,255.08437,297.30428,343.12639,392.79773,472.15565,607.49542,728.15330,860.73724
Devlet Sabit Sermaye Tüketimi (Amostisman),59,22.80641,24.01867,26.53263,29.07667,32.34788,37.96442,40.01707,47.40929,58.67224,81.27890,99.17806,116.87502
Net Yatırım,60 = (38-58),67.47080,138.41829,235.52366,216.30969,285.00496,297.94750,319.82031,343.15388,489.71037,496.72139,353.41767,748.52371
Çalışanlara Yapılan Ödemeler (Yİ -> Yİ),61 = (62+63+64+65),268.99555,314.23094,371.48935,438.57777,506.35876,590.55799,683.72867,840.20509,947.01459,"1,129.02166","1,354.32067","1,483.89558"
MOŞ Çalışanlara Yapılan Ödemeler (Yİ -> Yİ),62,167.08724,197.21106,237.05897,282.05149,331.45098,391.67085,461.25578,577.90806,659.59689,770.46345,908.10639,967.01033
MŞ Çalışanlara Yapılan Ödemeler (Yİ -> Yİ),63,14.13473,15.81678,17.69330,19.80380,23.02017,25.72246,29.36415,32.73991,35.95801,41.07537,50.16716,58.28544
Devlet Çalışanlara Yapılan Ödemeler (Yİ -> Yİ),64,83.41722,96.11600,110.81506,129.65383,143.85196,164.01739,182.64092,216.83247,237.18110,300.06750,374.66847,435.68647
HH Çalışanlara Yapılan Ödemeler (Yİ -> Yİ),65,4.35637,5.08710,5.92201,7.06865,8.03564,9.14730,10.46782,12.72465,14.27859,17.41534,21.37865,22.91334
Çalışanlara Yapılan Ödemeler (Faktör Geliri),66,1.09605,1.15007,1.19994,1.38328,1.53772,1.41627,1.20106,1.29326,1.11035,1.61049,1.78195,1.32275
Çalışanlara Yapılan Ödemeler (Faktör Ödemesi),67,0.24318,0.28554,0.45397,0.72784,1.31735,1.78257,2.31892,3.35129,3.87903,7.47635,9.42342,9.22020
Gayrisafi İşletme Artığı,68 = (69+70+71+72),628.25302,709.45998,861.66621,953.75548,"1,087.47217","1,230.93859","1,394.28156","1,492.61511","1,858.35413","2,274.38397","2,571.06971","3,073.32541"
MOŞ Gayrisafi İşletme Artığı,69,300.68396,338.59979,431.58629,465.84971,557.05831,639.82544,736.33310,777.37262,985.41004,"1,219.70154","1,386.48762","1,693.08395"
MŞ Gayrisafi İşletme Artığı,70,23.76016,17.53520,19.57145,26.16410,32.29490,31.88222,39.55112,53.67375,63.34416,73.48862,88.22382,135.41144
Devlet Gayrisafi İşletme Artığı,71,22.80641,24.01867,26.53263,29.07667,32.34788,37.96442,40.01707,47.40929,58.67224,81.27890,99.17806,116.87502
Hanehalkı Gayrisafi İşletme Artığı,72,281.00249,329.30632,383.97585,432.66500,465.77108,521.26651,578.38026,614.15946,750.92769,899.91492,997.18020,"1,127.95500"
Net İşletme Artığı,73 = (68-58),466.10641,535.49866,661.61552,726.09871,832.38779,933.63431,"1,051.15517","1,099.81737","1,386.19848","1,666.88856","1,842.91641","2,212.58816"
MÜLKİYET GELİRLERİ,74 = (75+81+87+93+99),305.76088,332.14596,411.33780,451.77889,551.01788,663.64360,789.96911,819.35903,"1,040.93914","1,291.58031","1,386.27351","1,378.01251"
Mali Olmayan Şirket Mülkiyet Geliri,75 = (76+77+78+79+80),36.86734,39.23739,51.27594,60.78356,74.23963,89.26244,108.83440,112.55337,130.61089,184.56589,203.94811,174.75079
MOŞ Faiz Geliri,76,10.26145,10.05579,12.27653,16.50118,15.18362,24.27429,28.70313,34.67032,47.88554,72.38931,81.28503,69.82935
MOŞ Dağıltılmış Gelir Kazancı,77,26.39673,28.94226,38.80582,44.04089,58.78568,64.56072,79.54476,77.18867,81.71800,110.48269,120.74842,102.63316
MOŞ DYY Yeniden Yatırım Kazancı ,78,0.00310,0.00449,0.00181,0.00359,0.00355,0.03302,0.06483,0.01201,0.03133,0.00884,0.00000,0.01185
MOŞ Sigorta Pol. Mülk Geliri,79,0.20606,0.23485,0.19178,0.23790,0.26678,0.39442,0.52168,0.68237,0.97602,1.68505,1.91466,2.27644
MOŞ Kira Geliri,80,0.00000,0.00000,0.00000,0.00000,0.00000,0.00000,0.00000,0.00000,0.00000,0.00000,0.00000,0.00000
Mali Şirket Mülkiyet Geliri,81 = (82+83+84+85+86),73.44225,66.96458,75.64370,90.22276,84.10248,124.58868,155.41803,183.82469,237.44106,381.66028,430.87589,370.80614
MŞ Faiz Geliri,82,71.67919,64.66518,73.53611,87.75817,81.11082,121.74058,152.52395,180.21444,233.31741,374.31216,422.36672,361.39498
MŞ Dağıltılmış Gelir Kazancı,83,1.67810,2.21698,2.03205,2.36626,2.85887,2.71942,2.75213,3.36878,3.85196,6.93324,8.10249,8.99797
MŞ DYY Yeniden Yatırım Kazancı ,84,0.00149,0.00144,0.00000,0.00358,0.06067,0.00458,0.02465,0.07139,0.08479,0.02544,0.00000,0.00000
MŞ Sigorta Pol. Mülk Geliri,85,0.08347,0.08098,0.07554,0.09475,0.07213,0.12410,0.11730,0.17008,0.18691,0.38944,0.40667,0.41319
MŞ Kira Geliri,86,0.00000,0.00000,0.00000,0.00000,0.00000,0.00000,0.00000,0.00000,0.00000,0.00000,0.00000,0.00000
Devlet Mülkiyet Geliri,87 = (88+89+90+91+92),16.37368,15.84641,13.56133,17.94045,21.54337,26.03686,22.48208,27.15642,31.37495,42.09547,49.32220,59.67147
Devlet Faiz Geliri,88,6.35584,4.74907,5.37145,6.26583,6.31466,6.44537,7.90045,9.57423,11.72398,17.31392,18.38042,28.23683
Devlet Dağıltılmış Gelir Kazancı,89,7.67206,8.69703,5.58041,8.71069,11.77859,15.48057,9.41414,10.94251,12.24188,16.73200,21.78952,20.80161
Devlet DYY Yeniden Yatırım Kazancı ,90,0.00000,0.00000,0.00000,0.00000,0.00000,0.00000,0.00000,0.00000,0.00000,0.00000,0.00000,0.00000
Devlet Sigorta Pol. Mülk Geliri,91,0.00657,0.00748,0.00597,0.00715,0.00844,0.01209,0.01599,0.02092,0.02992,0.05166,0.05869,0.06979
Devlet Kira Geliri,92,2.33920,2.39283,2.60349,2.95678,3.44169,4.09883,5.15149,6.61875,7.37917,7.99789,9.09356,10.56324
Hanehalkı Mülkiyet Geliri,93 = (94+95+96+97+98),158.15822,192.69974,251.56147,261.30506,346.16171,396.70926,466.86038,455.11285,586.44138,602.82619,602.09746,673.47947
Hanehalkı Faiz Geliri,94,55.76257,54.32399,55.76103,62.16823,51.31987,65.48881,68.24642,79.29824,93.11610,156.18754,150.14681,154.90598
Hanehalkı Dağıltılmış Gelir Kazancı,95,96.83701,131.97899,189.77009,192.73853,287.67790,323.48237,389.47769,365.31079,480.48443,428.62067,430.18357,493.47531
Hanehalkı DYY Yeniden Yatırım Kazancı ,96,0.00000,0.00000,0.00000,0.00000,0.00000,0.00000,0.00000,0.00000,0.00000,0.00000,0.00000,0.00000
Hanehalkı Sigorta Pol. Mülk Geliri,97,3.89786,4.32632,3.66372,3.81647,4.49365,4.88072,5.85970,7.13954,8.91899,13.50154,16.07098,18.10861
Hanehalkı Kira Geliri,98,1.66078,2.07045,2.36664,2.58184,2.67029,2.85735,3.27657,3.36428,3.92186,4.51644,5.69610,6.98957
Dış Alem Mülkiyet Geliri,99 = (100+101+102+103+104),20.91940,17.39784,19.29536,21.52705,24.97069,27.04635,36.37422,40.71171,55.07085,80.43248,100.02985,99.30464
Dış Alem Faiz Geliri,100,16.57738,13.23927,14.66518,16.96092,18.23395,22.19272,26.90537,31.89639,44.29968,68.06529,83.87793,90.24952
Dış Alem Dağıltılmış Gelir Kazancı,101,3.11256,3.54544,3.96631,3.03086,6.23430,4.32875,8.49057,7.40237,9.72072,10.69201,12.81591,5.78066
Dış Alem DYY Yeniden Yatırım Kazancı ,102,1.22946,0.61312,0.66386,1.53527,0.50244,0.52489,0.97829,1.41296,1.05045,1.67518,3.33601,3.27445
Dış Alem Sigorta Pol. Mülk Geliri,103,0.00000,0.00000,0.00000,0.00000,0.00000,0.00000,0.00000,0.00000,0.00000,0.00000,0.00000,0.00000
Dış Alem Kira Geliri,104,0.00000,0.00000,0.00000,0.00000,0.00000,0.00000,0.00000,0.00000,0.00000,0.00000,0.00000,0.00000
MÜLKİYET ÖDEMELERİ,105 = (106+112+118+124+130),305.76088,332.14596,411.33780,451.77889,551.01788,663.64360,789.96911,819.35903,"1,040.93914","1,291.58031","1,386.27351","1,378.01251"
Mali Olmayan Şirket Mülkiyet Ödemesi,106 = (107+108+109+110+111),182.06623,214.35611,290.74253,309.67856,419.43980,486.87377,579.83422,572.63391,730.10382,804.21058,847.57384,857.87288
MOŞ Faiz Ödemesi,107,49.45730,43.79650,51.62486,62.06208,54.64868,79.04215,91.77708,109.84107,144.79584,241.22622,268.70780,243.39342
MOŞ Dağıltılmış Gelir Ödemesi,108,130.04769,168.33169,236.59990,244.93750,361.88537,404.81876,483.84787,457.24363,579.14665,556.26692,569.91335,604.57469
MOŞ DYY Yeniden Yatırım Ödemesi ,109,0.68365,0.29213,0.42648,0.32652,0.31288,0.21520,0.76307,1.04704,0.62006,1.38635,2.92752,2.93861
MOŞ Sigorta Pol. Mülk Ödemesi,110,0.00000,0.00000,0.00000,0.00000,0.00000,0.00000,0.00000,0.00000,0.00000,0.00000,0.00000,0.00000
MOŞ Kira Ödemesi,111,1.87759,1.93578,2.09129,2.35247,2.59287,2.79766,3.44620,4.50218,5.54127,5.33109,6.02517,6.96616
Mali Şirket Mülkiyet Ödemesi,112 = (113+114+115+116+117),56.68776,52.64025,56.03136,68.96784,60.78531,90.92305,118.51252,141.72883,182.11682,290.07937,329.80886,266.53431
MŞ Faiz Ödemesi,113,46.58754,41.64675,48.65192,57.81812,50.79200,80.10331,106.44283,126.90237,163.65819,261.90526,291.87420,225.94873
MŞ Dağıltılmış Gelir Ödemesi,114,5.36045,6.02289,3.20505,5.78470,4.96277,5.09872,5.33978,6.44763,7.91640,12.25759,19.07517,19.38172
MŞ DYY Yeniden Yatırım Ödemesi ,115,0.54581,0.32099,0.23738,1.20876,0.18956,0.30968,0.21522,0.36592,0.43039,0.28882,0.40849,0.33584
MŞ Sigorta Pol. Mülk Ödemesi,116,4.19397,4.64963,3.93701,4.15627,4.84099,5.41133,6.51468,8.01291,10.11184,15.62769,18.45100,20.86802
MŞ Kira Ödemesi,117,0.00000,0.00000,0.00000,0.00000,0.00000,0.00000,0.00000,0.00000,0.00000,0.00000,0.00000,0.00000
Devlet Mülkiyet Ödemesi,118 = (119+120+121+122+123),45.96184,44.82252,42.26039,45.24660,42.26446,45.70544,46.15685,52.14851,67.92783,111.15961,110.93077,156.20831
Devlet Faiz Ödemesi,119,45.96184,44.82252,42.26039,45.24660,42.26446,45.70544,46.15685,52.14851,67.92783,111.15961,110.93077,156.20831
Devlet Dağıltılmış Gelir Ödemesi,120,0.00000,0.00000,0.00000,0.00000,0.00000,0.00000,0.00000,0.00000,0.00000,0.00000,0.00000,0.00000
Devlet DYY Yeniden Yatırım Ödemesi ,121,0.00000,0.00000,0.00000,0.00000,0.00000,0.00000,0.00000,0.00000,0.00000,0.00000,0.00000,0.00000
Devlet Sigorta Pol. Mülk Ödemesi,122,0.00000,0.00000,0.00000,0.00000,0.00000,0.00000,0.00000,0.00000,0.00000,0.00000,0.00000,0.00000
Devlet Kira Ödemesi,123,0.00000,0.00000,0.00000,0.00000,0.00000,0.00000,0.00000,0.00000,0.00000,0.00000,0.00000,0.00000
Hanehalkı Mülkiyet Ödemesi,124 = (125+126+127+128+129),13.31757,13.95548,16.13166,19.45100,20.72740,31.39067,35.16324,39.00015,45.19964,59.42378,65.76627,54.47441
Hanehalkı Faiz Ödemesi,125,11.19518,11.42798,13.25281,16.26486,17.20830,27.23215,30.18138,33.51929,39.43987,52.24054,57.00177,43.88776
Hanehalkı Dağıltılmış Gelir Ödemesi,126,0.00000,0.00000,0.00000,0.00000,0.00000,0.00000,0.00000,0.00000,0.00000,0.00000,0.00000,0.00000
Hanehalkı DYY Yeniden Yatırım Ödemesi ,127,0.00000,0.00000,0.00000,0.00000,0.00000,0.00000,0.00000,0.00000,0.00000,0.00000,0.00000,0.00000
Hanehalkı Sigorta Pol. Mülk Ödemesi,128,0.00000,0.00000,0.00000,0.00000,0.00000,0.00000,0.00000,0.00000,0.00000,0.00000,0.00000,0.00000
Hanehalkı Kira Ödemesi,129,2.12239,2.52750,2.87885,3.18615,3.51910,4.15852,4.98186,5.48086,5.75977,7.18324,8.76450,10.58665
Dış Alem Mülkiyet Ödemesi,130 = (131+132+133+134+135),7.72748,6.37160,6.17187,8.43488,7.80090,8.75067,10.30228,13.84763,15.59103,26.70698,32.19378,42.92260
Dış Alem Faiz Ödemesi,131,7.43457,5.33955,5.82032,8.26268,7.24948,8.05873,9.72116,13.24239,14.52098,21.73660,27.54238,35.17845
Dış Alem Dağıltılmış Gelir Ödemesi,132,0.28832,1.02611,0.34974,0.16503,0.48720,0.65434,0.49164,0.52185,0.95393,4.93610,4.65140,7.73230
Dış Alem DYY Yeniden Yatırım Ödemesi ,133,0.00459,0.00593,0.00181,0.00717,0.06422,0.03760,0.08947,0.08340,0.11612,0.03428,0.00000,0.01185
Dış Alem Sigorta Pol. Mülk Ödemesi,134,0.00000,0.00000,0.00000,0.00000,0.00000,0.00000,0.00000,0.00000,0.00000,0.00000,0.00000,0.00000
Dış Alem Kira Ödemesi,135,0.00000,0.00000,0.00000,0.00000,0.00000,0.00000,0.00000,0.00000,0.00000,0.00000,0.00000,0.00000
Gelir ve Servet Üzerinden Alınan Vergi,136 = (137+138+139),64.25677,71.84576,85.69573,96.87554,104.09185,123.12034,134.85111,155.89811,184.37082,243.67556,273.99561,310.21977
MOŞ Kurumlar Vergisi,137,19.48952,23.55043,26.84935,30.09715,29.31907,36.60966,36.35424,45.65802,55.77052,83.85328,88.49356,116.22829
MŞ Kurumlar Vergisi,138,2.34729,2.74667,3.09468,3.45498,3.26461,4.14626,3.98397,5.13027,6.31290,9.83255,10.22427,13.97405
Hanehalkı Gelir Vergisi,139,42.41996,45.54866,55.75170,63.32342,71.50818,82.36442,94.51291,105.10982,122.28740,149.98974,175.27777,180.01743
MŞ Net Sosyal Katkı Gelir,140,6.62755,7.60218,6.24264,10.28582,10.91914,16.74208,16.07455,19.75177,25.17260,21.46221,43.81493,53.44849
Devlet Net Sosyal Katkı Gelir,141,63.20837,72.91388,97.69440,112.84056,133.58922,152.58476,179.27046,207.15223,233.22220,290.96622,328.58948,358.73953
Hanehalkı Net Sosyal Katkı Ödeme,142,69.83591,80.51605,103.93704,123.12639,144.50836,169.32685,195.34500,226.90400,258.39480,312.42843,372.40441,412.18801
MŞ Sosyal Fayda Ödeme,143,1.70391,1.63126,1.94345,2.57135,2.88478,3.53719,4.35135,5.14095,5.84616,7.52223,8.62424,8.99524
Devlet Sosyal Fayda Ödeme,144,92.67127,100.02874,124.00981,134.23944,159.00378,170.01679,194.88422,238.99826,268.98605,332.47586,418.65441,499.00183
Hanehalkı Sosyal Fayda Gelir,145,94.34938,101.63249,125.91918,136.77400,161.84597,173.50945,199.18651,244.07725,274.76374,339.91774,427.17838,507.87855
Dış Kesim Sosyal Fayda Gelir,146,0.02580,0.02750,0.03408,0.03678,0.04260,0.04453,0.04907,0.06196,0.06847,0.08034,0.10026,0.11851
MŞ Net Hayat Dışı Sigorta Pirim Geliri,147,8.27926,8.11109,9.78273,11.96498,13.08629,15.33223,19.27197,21.91668,25.47809,33.27602,35.67300,39.55234
MOŞ Pirim Ödemesi,148,1.54274,1.54178,1.94780,2.42342,2.60834,3.07450,4.03338,4.37975,4.89508,6.80357,7.34681,5.14256
MŞ Pirim Ödemesi,149,0.64793,0.59856,0.79736,0.72882,0.62673,0.63352,0.74707,0.74483,0.72991,0.97624,1.29427,1.07667
Devlet Pirim Ödemesi,150,0.05142,0.05121,0.06226,0.07520,0.08549,0.09754,0.12178,0.14597,0.16105,0.21256,0.22050,0.15690
Hanehalkı Pirim Ödemesi,151,5.00187,5.11440,6.15749,7.80112,8.90179,10.03152,12.72163,15.05251,16.58963,21.88856,23.37744,16.83120
Dış Alem Pirim Ödemesi,152,1.03530,0.80515,0.81782,0.93642,0.86394,1.49515,1.64812,1.59363,3.10243,3.39508,3.43398,16.34500
MŞ Hayat Dışı Sigorta Tazminat Ödemesi,153,8.34279,8.30418,9.88528,11.84027,12.98846,14.87653,18.81179,20.32401,24.44864,31.62783,33.70443,38.46220
MOŞ Tazminat Geliri,154,1.62118,1.58678,1.92960,2.35119,2.43506,2.94094,3.86590,3.93200,4.61637,6.12018,6.57386,4.05995
MŞ Tazminat Geliri,155,0.68868,0.61265,0.84628,0.72502,0.64219,0.65393,0.79240,0.73905,0.73626,1.02253,1.26816,0.94056
Devlet Tazminat Geliri,156,0.05403,0.05270,0.06168,0.07296,0.07982,0.09330,0.11672,0.13105,0.15188,0.19121,0.19730,0.12387
Hanehalkı Tazminat Geliri,157,5.25619,5.26367,6.09998,7.56861,8.31045,9.59574,12.19340,13.51364,15.64506,19.68996,20.91791,13.28790
Dış Alem Tazminat Geliri,158,0.72270,0.78838,0.94775,1.12249,1.52094,1.59261,1.84337,2.00828,3.29908,4.60395,4.74721,20.04991
Devlet Cari Uluslararası İşbirliği Gelir,159,1.88106,0.93212,1.68218,1.48841,1.58252,1.95080,2.44958,4.85935,10.47996,6.07381,9.02994,8.76970
Dış Alem Cari Uluslararası İşbirliği Gelir (Devlet Ödeme),160,0.22122,0.19814,0.48208,0.53011,0.23067,0.04816,0.30317,1.07202,2.54005,4.52807,5.37577,7.10755
Mali Olmayan Şiket Diğer Çeşitli Transfer Geliri,161,1.61501,1.36754,2.33160,1.00824,0.48790,1.13821,0.92972,2.92269,2.53125,2.33872,5.15605,4.37307
MŞ Diğer Çeşitli Transfer Geliri,162,1.42087,1.02555,2.04744,0.74194,0.09404,0.38616,0.41586,2.48412,3.11053,2.55447,3.37480,2.61984
Devlet Diğer Çeşitli Transfer Geliri,163,15.73506,21.31217,22.65178,31.52745,31.16645,30.88087,37.23106,37.64806,33.38433,69.82450,67.23269,71.66846
Hanehalkı Diğer Çeşitli Transfer Geliri,164,27.55121,26.70479,33.54224,38.22153,44.02066,45.07326,56.07923,61.25083,65.13962,77.97479,99.54302,123.92937
Dış Alem Diğer Çeşitli Transfer Geliri,165,0.00000,0.00000,0.00000,0.00000,0.00000,0.00000,0.00000,0.00000,0.00000,0.00000,0.00000,0.00000
Mali Olmayan Şiket Diğer Çeşitli Transfer Ödeme,166,9.07817,11.12606,13.04216,16.61962,16.86959,17.42544,20.76926,20.95282,20.42796,23.76462,34.24820,54.01652
MŞ Diğer Çeşitli Transfer Ödeme,167,4.93267,6.77433,7.21109,10.03199,9.68093,8.84166,11.02132,11.66818,10.57673,15.11478,24.22624,24.42255
Devlet Diğer Çeşitli Transfer Ödeme,168,12.01705,9.97360,15.87942,16.64857,19.39764,22.85056,25.60576,29.77293,28.10552,29.53597,37.84143,32.63054
Hanehalkı Diğer Çeşitli Transfer Ödeme,169,18.54681,20.95087,22.46932,26.19513,27.72701,25.97494,34.65255,39.61484,42.34416,80.41004,76.17246,87.34543
Dış Alem Diğer Çeşitli Transfer Ödeme,170,1.74744,1.58519,1.97107,2.00385,2.09389,2.38590,2.60699,2.29693,2.71136,3.86706,2.81823,4.17569
Toplam Harcanabilir Gelir,171 = (172+173+174+175),997.72751,"1,159.81121","1,395.55726","1,571.78182","1,809.22402","2,040.38239","2,328.26062","2,603.24524","3,101.84193","3,703.30595","4,247.36827","4,984.61824"
Mali Olmayan Şiket Harcanabilir Gelir,172,128.61084,130.21712,154.54160,171.17394,165.98411,189.18366,208.97205,253.15617,311.97117,494.09428,624.50322,843.00751
MŞ Harcanabilir Gelir,173,39.55641,29.15600,35.17101,42.50938,50.90823,66.62711,74.09591,97.65299,125.25156,158.31113,195.34830,249.31378
Devlet Harcanabilir Gelir,174,142.51649,195.82107,236.95782,282.22813,333.01544,367.31412,422.27741,451.85632,512.27144,611.56168,646.91893,720.62499
Hanehalkı Harcanabilir Gelir,175,687.04377,804.61702,968.88684,"1,075.87036","1,259.31624","1,417.25749","1,622.91526","1,800.57977","2,152.34776","2,439.33886","2,780.59782","3,171.67195"
Toplam Nihai Tüketim Harcaması,176 = (177+178),787.07201,917.50866,"1,080.74700","1,217.92554","1,389.50733","1,555.00214","1,759.07084","1,976.59410","2,325.91561","2,691.78170","3,195.07631","3,718.86011"
Hanehalkı Nihai Tüketim Harcaması,177,619.64835,731.88190,881.07348,979.09490,"1,117.82357","1,240.49609","1,411.07295","1,560.39582","1,836.62805","2,111.93967","2,456.12251","2,863.96910"
Devlet Nihai Tüketim Harcaması,178,157.57639,173.68493,191.07515,223.40170,255.61506,288.09626,324.55151,386.97664,450.63468,551.96205,668.57240,765.98450
MŞ Emeklilik Ödeme,179,4.92364,5.97092,4.29918,7.71447,8.03435,13.20490,11.72319,14.61082,19.32644,13.93998,35.19070,44.45325
Hanehalkı Emeklilik Geliri,180,4.92364,5.97092,4.29918,7.71447,8.03435,13.20490,11.72319,14.61082,19.32644,13.93998,35.19070,44.45325
Toplam Tasarruf,181 = (182 + 183 + 185 + 186),197.69637,230.22571,296.87601,340.20855,403.43752,473.82562,552.61910,608.46350,755.90696,958.12533,"1,023.49529","1,237.78962"
Mali Olmayan Şiket Tasarruf,182 = 172,128.61084,130.21712,154.54160,171.17394,165.98411,189.18366,208.97205,253.15617,311.97117,494.09428,624.50322,843.00751
MŞ Tasarruf,183 = 173 - 179,34.63278,23.18508,30.87183,34.79491,42.87387,53.42222,62.37272,83.04217,105.92512,144.37115,160.15760,204.86053
Devlet Gayrisafi Tasarruf,184 = (174 - 178),-15.05990,22.13614,45.88268,58.82643,77.40038,79.21786,97.72590,64.87968,61.63676,59.59963,-21.65347,-45.35951
Devlet Tasarruf,185 = (184 - 59),-37.86631,-1.88253,19.35005,29.74976,45.05251,41.25344,57.70883,17.47039,2.96452,-21.67927,-120.83153,-162.23452
Hanehalkı Tasarruf,186 = (175 - 177),72.31907,78.70604,92.11254,104.48994,149.52703,189.96630,223.56551,254.79477,335.04615,341.33917,359.66601,352.15610
Mal-Hizmet İhracatı,187,235.19125,247.47637,323.04486,385.26219,433.84823,517.94813,576.71594,606.30215,815.99849,"1,170.96620","1,407.48431","1,446.68183"
Mal - Hizmet İthalatı,188,235.66091,297.75832,425.84022,450.24599,523.94888,586.89443,624.34575,663.06652,931.42297,"1,180.31101","1,295.96328","1,639.01308"
Mal ve Hizmet Dengesi,189 = 187-188,-0.46966,-50.28195,-102.79537,-64.98380,-90.10065,-68.94630,-47.62981,-56.76437,-115.42448,-9.34481,111.52103,-192.33125
Toplam Faktör Geliri,190 = 66+130,8.82353,7.52166,7.37181,9.81817,9.33861,10.16694,11.50334,15.14089,16.70138,28.31747,33.97572,44.24535
Toplam Faktör Ödemeleri,191 = 67+99,21.16258,17.68337,19.74933,22.25489,26.28804,28.82892,38.69314,44.06300,58.94988,87.90883,109.45327,108.52483
Net Faktör Geliri,192 = 190-191,-12.33906,-10.16171,-12.37752,-12.43673,-16.94942,-18.66198,-27.18981,-28.92211,-42.24850,-59.59136,-75.47754,-64.27949
Cari Hesap,193 = 189 + 192,-12.80872,-60.44366,-115.17288,-77.42052,-107.05007,-87.60828,-74.81962,-85.68648,-157.67298,-68.93617,36.04349,-256.61074
GSMH,194 = 37+192,994.03343,"1,157.50277","1,392.55010","1,569.04253","1,806.47789","2,036.23584","2,323.75154","2,597.63760","3,091.45577","3,699.18237","4,242.30937","4,982.60382"
Dış Alemden (Diğer Cari Transfer) Gelir,195 = 152+159+170,4.66380,3.32246,4.47107,4.42868,4.54035,5.83185,6.70469,8.74990,16.29376,13.33596,15.28214,29.29038
Dış Aleme (Diğer Cari Transfer) Ödeme,196 = 146+158+160+165,0.96972,1.01402,1.46391,1.68939,1.79422,1.68530,2.19561,3.14225,5.90760,9.21237,10.22324,27.27597
Net (Diğer Cari Transfer) Gelir,197 = 195 - 196,3.69409,2.30844,3.00717,2.73929,2.74613,4.14655,4.50909,5.60765,10.38616,4.12359,5.05890,2.01442
Cari Dış Denge,198 = 193+197,-9.11463,-58.13522,-112.16572,-74.68123,-104.30394,-83.46173,-70.31053,-80.07883,-147.28682,-64.81258,41.10239,-254.59632
